Name,Math,Science,English
Alice,-1.280000,92,88
Bob,-1.560000,88,82
Charlie,-1.000000,95,90
Diana,-2.000000,82,75
Eve,-1.120000,90,85
Frank,-1.360000,87,80
Grace,-1.640000,85,78
Henry,-1.160000,93,87
Ivy,-1.440000,89,83
Jack,-1.080000,91,89
